dia,casos,,
7,4.285714286,,
8,5,,
9,5.285714286,,
10,5.571428571,,
11,5.857142857,,
12,6.142857143,,
13,6.571428571,,
14,7.571428571,,
15,8.428571429,,
16,11.28571429,,
17,16.14285714,,
18,22.71428571,,
19,33.42857143,,
20,45.57142857,,
21,60.71428571,,
22,82.42857143,,
23,107.7142857,,
24,137.7142857,,
25,175.2857143,,
26,216,,
27,260.5714286,,
28,311.5714286,,
29,371.7142857,,
30,445.1428571,,
31,530.4285714,,
32,641.5714286,,
